{
    "name": "TimerOne", 
    "version": "1.1", 
    "keywords": [
        "timing"
    ], 
    "description": "Use hardware Timer1 for finer PWM control and/or running an periodic interrupt function", 
    "frameworks": [
        "arduino"
    ], 
    "platforms": [
        "atmelavr"
    ], 
    "authors": [
        {
            "email": null, 
            "url": null, 
            "maintainer": false, 
            "name": "Stoyko Dimitrov"
        }, 
        {
            "email": null, 
            "url": null, 
            "maintainer": false, 
            "name": "Jesse Tane"
        }, 
        {
            "email": null, 
            "url": null, 
            "maintainer": false, 
            "name": "J\u00e9r\u00f4me Despatis"
        }, 
        {
            "email": null, 
            "url": null, 
            "maintainer": false, 
            "name": "Michael Polli"
        }, 
        {
            "email": null, 
            "url": null, 
            "maintainer": false, 
            "name": "Dan Clemens"
        }, 
        {
            "email": null, 
            "url": null, 
            "maintainer": true, 
            "name": "Paul Stoffregen"
        }
    ], 
    "repository": {
        "type": "git", 
        "url": "https://github.com/PaulStoffregen/TimerOne"
    }, 
    "homepage": "http://playground.arduino.cc/Code/Timer1", 
    "export": {
        "include": null, 
        "exclude": [
            "extras", 
            "docs", 
            "tests", 
            "test", 
            "*.doxyfile", 
            "*.pdf"
        ]
    }, 
    "id": 131
}